Age,Study_Hours,Attendance,Previous_Score,Assignment_Score,Sleep_Hours,Internet_Usage,Participation,Final_Score
20,1.7,81,90,92,8.3,6.6,1,77
21,2.1,96,40,85,6.5,3.3,5,71
19,2.7,71,67,63,6.0,6.4,3,66
21,2.1,97,63,66,8.5,2.0,4,77
21,2.3,77,74,49,7.0,5.6,8,82
18,3.0,94,52,46,6.9,5.5,7,69
19,2.2,89,86,74,6.8,1.2,5,90
19,7.3,83,73,91,5.9,6.5,2,89
19,1.6,89,50,83,7.9,7.3,6,69
21,4.7,73,75,48,5.3,2.9,6,77
20,3.9,65,90,77,8.7,6.7,10,98
19,7.9,62,56,57,8.5,1.6,10,98
22,1.8,75,74,64,5.7,5.2,6,74
21,3.8,66,57,98,7.6,4.4,9,87
18,7.8,73,79,51,6.9,4.8,8,100
20,7.1,68,61,59,5.7,7.5,8,75
22,6.7,74,63,67,8.9,7.1,1,76
22,2.8,80,58,58,4.1,6.5,5,67
18,2.2,94,76,67,5.3,2.9,7,83
20,5.7,61,78,63,6.6,7.4,6,81
21,7.5,86,60,98,6.6,1.7,5,96
17,4.9,61,47,73,6.9,7.0,8,74
20,5.0,94,67,100,7.8,3.3,3,85
18,3.0,77,44,64,7.1,1.4,6,71
22,6.4,73,56,73,7.0,5.7,5,78
21,2.3,79,76,68,4.3,2.6,8,83
20,3.3,77,75,62,5.9,2.7,4,75
17,4.0,69,93,54,5.2,3.1,8,87
17,4.6,84,58,85,5.3,1.4,10,93
19,2.7,61,66,52,6.8,2.2,2,62
19,1.8,84,92,70,5.0,1.0,9,93
18,5.3,92,73,73,5.5,4.1,9,96
20,3.0,95,50,54,5.2,1.6,10,84
20,5.1,90,93,61,8.7,5.8,10,100
22,2.1,73,84,46,8.7,2.6,6,82
22,4.4,60,86,50,7.0,7.6,4,71
22,4.7,75,51,49,8.6,7.1,4,66
19,1.4,62,93,72,7.9,3.0,6,80
20,3.4,94,60,85,6.9,6.5,5,75
20,1.9,100,93,49,4.0,6.6,6,77
17,1.4,65,50,62,7.9,7.9,7,59
19,7.9,84,78,70,7.5,5.2,7,100
21,3.3,72,67,64,7.1,1.6,9,87
19,6.7,93,44,85,7.8,5.5,8,95
21,2.8,67,56,93,6.6,5.4,6,76
17,5.8,80,95,71,7.5,5.5,6,94
18,6.3,93,59,93,8.7,3.2,5,95
20,5.2,63,80,56,5.9,7.0,1,63
17,4.3,84,85,51,7.5,7.7,9,88
20,3.9,74,51,47,6.4,2.5,9,76
22,3.4,63,45,54,7.4,1.6,9,73
18,7.5,71,56,78,7.8,2.4,8,100
18,6.8,91,90,69,4.2,6.7,10,100
17,7.8,91,58,79,7.2,5.7,3,89
18,1.9,87,65,60,5.1,5.5,1,62
21,6.1,72,87,46,7.4,3.8,8,90
18,7.6,90,83,68,6.3,5.0,7,98
20,2.3,73,83,54,7.9,3.2,5,77
20,1.5,79,91,82,4.6,4.3,10,84
20,6.2,77,71,66,7.1,6.6,7,85
20,5.0,88,45,70,5.4,7.9,10,77
21,6.9,65,94,87,8.3,7.5,4,94
19,2.0,91,75,99,8.6,7.5,9,97
22,6.6,88,77,83,9.0,3.8,10,100
17,2.4,61,50,71,8.0,4.3,2,61
20,2.1,82,72,73,7.8,5.9,9,83
18,2.1,78,63,91,5.1,7.5,9,79
20,6.7,90,62,82,5.7,2.0,5,89
18,5.7,64,54,64,6.3,3.1,1,74
22,4.7,78,66,71,7.9,2.0,7,89
22,3.5,93,50,85,8.6,5.3,10,87
22,7.1,69,90,98,4.9,3.1,10,100
18,3.7,84,89,64,8.6,3.3,4,85
20,6.7,61,56,88,7.5,1.5,9,99
22,4.1,70,90,63,7.1,3.4,6,92
21,3.6,90,92,64,5.0,7.0,3,76
18,4.2,74,53,79,4.3,2.6,6,82
18,3.1,68,66,91,6.8,5.9,10,87
20,6.2,82,57,46,7.3,5.4,6,81
18,4.5,78,67,74,5.1,7.0,5,79
18,2.6,68,90,97,6.8,1.9,2,89
22,7.3,94,86,78,8.3,7.8,10,100
20,3.7,80,86,66,8.2,5.1,10,97
22,4.8,68,43,47,8.6,8.0,2,62
22,7.3,87,46,50,5.8,7.4,7,74
20,5.4,66,84,59,5.6,2.6,2,74
17,1.8,75,74,71,7.7,1.4,6,82
22,7.6,75,87,54,6.2,2.8,5,89
21,5.4,92,48,53,4.4,4.7,4,69
21,3.3,63,47,77,5.4,2.2,7,74
18,2.0,63,91,76,6.1,2.2,8,87
21,6.6,98,84,92,5.5,4.2,4,97
18,5.3,99,56,50,5.7,1.2,1,71
17,4.7,76,56,85,5.5,1.9,1,76
20,7.3,96,88,80,4.2,3.9,1,87
20,6.5,98,72,46,7.2,1.4,1,78
20,2.1,88,71,73,7.0,3.8,5,78
21,3.2,95,47,48,7.3,4.3,4,70
17,2.7,97,58,45,5.0,4.2,9,76
21,6.2,98,77,63,5.5,7.1,3,78
21,1.2,96,42,70,7.1,4.7,7,69
17,5.0,94,44,69,7.0,4.3,8,84
17,6.3,66,52,54,6.5,3.9,6,77
17,7.1,86,86,97,5.8,6.7,10,100
17,3.4,87,85,59,8.6,7.3,1,75
20,6.7,81,70,66,5.7,7.0,8,83
19,1.8,73,94,95,6.3,5.7,10,90
19,6.9,66,55,92,7.4,2.0,3,82
17,1.9,96,89,65,6.7,2.9,8,95
19,3.8,81,71,100,5.7,1.3,4,89
19,6.6,64,61,66,6.2,7.5,8,82
17,2.0,61,68,80,8.0,5.6,1,59
19,2.6,86,61,78,5.4,6.2,3,69
21,6.1,80,82,74,4.7,3.2,6,96
18,6.0,97,42,69,5.6,6.9,9,84
18,5.5,74,93,89,8.2,2.8,2,94
17,5.9,80,49,72,4.4,1.0,1,74
20,4.8,69,81,45,9.0,3.6,10,94
17,2.8,82,60,93,6.7,5.0,3,76
20,3.4,98,55,89,8.9,4.4,4,84
18,2.3,64,51,48,8.7,7.0,5,59
17,7.4,60,41,51,6.3,1.7,3,70
22,5.1,72,80,93,5.0,4.9,10,95
21,3.8,80,63,53,4.8,4.6,2,66
19,4.2,85,74,80,5.2,3.0,2,78
20,7.6,80,95,63,7.6,6.8,7,98
22,2.1,77,69,45,5.4,6.3,9,71
19,5.1,96,69,54,5.7,6.1,10,92
19,4.5,91,86,80,6.2,7.1,2,81
17,5.3,95,74,53,8.6,6.1,7,88
19,1.1,76,58,89,4.9,2.6,7,75
21,7.1,94,89,90,4.0,5.9,7,100
22,7.5,70,47,86,4.3,3.2,3,72
19,5.0,80,65,76,8.5,2.7,7,94
17,5.9,85,88,76,7.2,1.5,1,92
21,7.5,63,79,50,5.4,6.2,10,92
18,6.0,93,46,92,4.9,6.0,1,75
22,2.1,77,69,82,5.5,2.6,5,80
19,5.0,99,46,61,4.6,6.2,2,67
17,5.2,94,42,54,8.7,7.4,9,77
18,4.0,100,40,94,7.9,1.8,7,86
18,6.2,88,75,71,6.3,2.6,4,94
20,7.5,88,64,98,8.3,6.3,4,87
21,7.5,97,76,94,5.2,2.9,2,94
19,4.2,80,40,79,7.6,5.4,5,73
17,1.8,72,54,96,8.3,1.6,4,71
20,7.9,100,76,65,5.8,4.2,1,88
21,6.9,76,52,69,7.8,6.2,8,89
20,1.9,68,79,72,5.5,5.8,3,62
22,7.4,100,47,91,5.5,6.7,6,92
21,7.1,60,44,59,4.5,7.1,4,62
21,4.6,61,48,48,6.2,6.4,9,72
19,5.1,88,40,73,7.6,5.7,7,78
21,3.8,92,75,53,8.7,1.2,9,96
20,1.4,69,74,71,7.0,4.7,10,78
21,3.3,99,41,70,8.3,1.3,3,78
19,6.6,80,79,63,8.1,6.7,1,81
19,1.0,87,62,100,4.9,3.2,5,80
22,3.3,70,48,72,6.4,4.9,3,60
20,3.8,93,73,61,4.6,3.0,6,82
18,4.8,67,85,87,7.4,6.5,8,93
18,7.4,81,53,85,8.7,7.2,4,84
21,3.4,67,43,86,4.7,3.8,5,69
22,3.4,74,69,94,7.7,7.0,5,78
17,6.2,76,70,64,7.2,2.9,4,92
21,4.2,82,77,89,6.9,4.7,4,85
22,2.6,83,50,84,6.0,7.0,4,57
20,4.2,78,74,83,5.8,3.3,4,83
20,2.0,64,47,93,4.2,7.7,4,60
20,2.2,91,42,97,5.1,1.9,5,71
20,4.5,60,53,67,4.1,1.1,2,63
20,3.9,82,52,91,6.9,7.3,2,65
22,7.4,96,84,76,4.5,1.5,9,100
22,3.5,67,71,96,8.4,7.9,2,71
19,5.1,72,73,91,6.6,7.7,6,87
18,5.4,67,84,77,7.5,2.0,2,91
20,1.1,82,58,90,6.1,4.8,5,63
17,5.6,60,77,49,6.8,2.3,4,79
22,2.2,83,55,87,8.7,4.0,7,82
17,7.7,94,41,92,4.4,1.4,7,94
17,2.0,83,79,78,5.3,2.6,6,88
17,3.9,76,56,84,7.9,3.5,10,84
19,1.6,64,94,55,4.5,4.1,5,64
22,8.0,79,73,94,4.4,7.8,1,87
17,4.5,80,81,47,5.8,6.7,3,74
20,5.2,99,55,77,4.5,6.2,9,84
21,1.5,90,77,55,6.9,4.8,1,66
17,6.2,95,41,60,5.1,6.9,5,72
19,2.5,70,41,62,8.5,3.4,2,58
22,7.3,74,65,74,7.9,6.0,4,86
19,2.4,78,52,92,7.5,8.0,1,62
17,2.3,66,95,99,7.1,3.2,3,91
22,1.3,87,86,54,8.3,5.7,10,89
21,4.3,64,70,62,5.1,6.9,7,79
17,5.0,64,73,82,8.4,7.4,10,87
19,1.5,89,78,63,7.9,6.0,3,70
18,6.4,91,42,80,7.7,3.0,4,84
20,4.2,67,47,57,6.8,3.3,2,57
19,4.7,69,62,100,5.2,1.1,3,85
22,4.1,97,53,90,6.1,6.3,9,88
17,3.8,91,95,47,8.0,1.3,3,87
20,4.9,87,94,54,4.2,7.1,5,81
17,2.1,76,66,82,7.9,1.8,2,78
22,2.3,90,93,45,5.2,2.2,4,77
17,7.0,67,68,99,4.7,4.3,7,96
18,7.6,99,78,100,4.6,6.2,7,100
20,3.6,84,92,71,4.1,2.0,3,85
20,2.9,68,78,90,6.6,4.1,5,82
22,5.5,61,40,52,5.1,4.4,1,63
18,3.9,74,56,95,8.9,2.5,10,92
19,1.2,62,80,90,6.9,1.8,10,88
17,2.1,95,69,86,4.7,6.9,10,79
21,6.0,63,92,61,7.4,4.5,1,78
17,5.6,73,52,53,8.5,1.1,5,83
17,1.2,100,60,50,7.7,6.6,10,81
19,2.6,100,58,87,4.4,7.9,9,81
17,2.6,84,92,69,8.5,5.2,1,78
18,5.7,69,58,83,8.0,4.5,1,72
18,1.1,80,64,93,4.8,7.1,4,68
20,1.7,95,61,72,4.3,7.7,4,60
22,6.6,71,70,77,6.8,6.3,2,75
21,2.2,86,56,98,4.8,4.1,9,81
17,5.6,99,94,81,8.2,5.1,9,100
17,2.7,61,62,53,5.8,5.9,2,52
19,1.7,72,71,62,8.6,2.4,9,90
22,2.7,91,49,100,6.8,4.1,6,75
18,6.1,90,49,65,4.9,6.8,8,76
21,7.0,75,75,46,4.7,5.6,10,90
20,6.8,91,47,87,6.9,3.9,4,85
18,3.8,91,93,82,7.8,5.6,2,85
22,5.7,93,91,84,7.9,1.8,2,91
20,2.4,70,59,80,5.4,3.8,9,81
19,3.1,69,71,94,5.0,6.6,1,65
19,7.3,74,89,87,4.1,2.5,7,100
17,1.1,76,53,81,7.4,2.3,3,65
22,1.6,99,89,59,4.4,7.7,3,72
21,2.5,77,67,72,6.1,2.5,2,74
20,1.2,68,85,62,7.0,2.8,10,84
18,2.3,84,91,78,8.7,7.8,6,87
22,5.1,99,92,66,5.6,6.1,10,96
22,3.9,73,63,55,5.2,5.9,2,63
19,7.2,84,54,57,7.3,7.0,10,93
17,6.7,81,61,48,7.1,1.8,4,85
17,3.4,89,69,66,5.7,5.9,10,92
20,2.8,79,43,51,8.6,4.5,9,75
19,3.7,80,52,87,8.2,6.8,9,82
22,5.1,91,62,98,5.1,4.6,6,96
21,2.9,80,47,68,5.2,5.3,4,68
19,5.4,94,57,48,6.6,4.3,7,77
20,3.9,91,51,72,7.9,4.3,1,67
20,4.9,89,94,59,4.2,6.4,4,79
19,4.1,98,70,45,7.5,5.4,5,80
20,3.1,71,53,99,7.2,5.4,8,82
19,7.6,100,73,47,5.2,4.2,2,85
18,6.3,77,57,58,7.4,4.7,5,75
19,2.0,80,95,82,8.7,6.2,6,85
19,7.1,72,73,94,4.2,6.8,5,86
20,4.4,80,50,45,5.6,5.9,9,68
20,7.3,67,80,82,6.2,7.5,10,95
17,6.6,99,51,82,8.5,6.7,1,83
17,4.0,66,88,65,8.8,4.9,3,76
18,1.2,82,54,92,6.2,5.7,2,66
17,2.9,91,70,73,7.8,7.5,3,76
19,4.8,70,88,49,6.7,5.3,10,90
20,5.4,81,68,93,6.7,6.8,9,91
17,2.8,81,65,54,5.4,5.8,9,78
17,2.0,84,57,72,5.1,4.9,10,75
18,6.8,81,71,65,5.4,2.7,2,80
22,7.9,87,61,94,6.8,4.0,3,91
18,4.7,88,77,51,4.1,7.8,4,65
19,2.2,72,56,47,8.5,5.6,9,68
20,2.9,77,62,89,4.8,5.0,3,68
18,1.1,61,63,91,5.1,7.5,7,68
17,7.4,88,89,64,6.6,5.1,3,90
20,1.8,80,47,63,7.6,4.7,7,68
20,5.0,74,80,79,4.5,6.3,7,80
17,2.9,86,45,48,5.6,6.0,9,71
18,4.9,90,44,49,8.8,2.4,2,72
17,5.6,74,83,45,5.3,4.3,6,84
22,6.8,82,68,48,5.6,4.3,9,92
20,2.4,83,67,56,8.2,3.6,2,70
21,1.1,72,50,71,4.3,4.6,2,51
21,2.0,81,40,100,6.3,3.9,5,73
19,7.3,96,82,86,5.9,2.4,10,100
17,7.1,92,58,67,5.6,3.9,10,95
17,5.2,62,48,69,5.4,1.5,10,84
19,5.2,78,66,65,4.5,5.0,8,82
19,5.7,82,73,96,5.6,7.0,9,94
19,2.2,88,83,68,4.2,6.1,2,69
20,7.4,89,43,69,7.9,3.5,5,83
22,3.9,98,75,89,6.0,1.6,7,93
17,3.7,84,57,99,6.2,2.4,6,87
20,4.6,96,54,90,8.5,4.8,6,87
19,1.3,67,90,76,7.3,2.4,7,88
17,2.2,75,52,99,4.0,4.8,3,66
20,6.2,67,58,76,8.7,2.6,3,81
22,1.6,60,88,49,5.2,6.9,10,77
20,5.2,64,45,80,4.5,3.8,9,83
22,2.7,62,87,90,7.8,2.7,8,94
19,3.7,60,95,86,6.5,6.7,5,85
22,3.0,63,51,93,6.2,3.4,6,74
17,3.5,99,90,86,5.2,1.8,10,100
19,6.0,94,76,83,6.7,5.0,1,83
17,3.1,91,56,60,5.4,5.1,10,81
21,5.0,93,62,77,8.5,6.0,1,84
18,4.3,84,65,93,5.1,2.7,4,84
22,5.6,69,68,65,8.4,4.1,2,77
18,7.6,80,72,53,6.8,3.0,7,93
18,6.1,98,66,50,8.1,1.6,2,85
22,2.5,86,64,95,7.6,7.1,10,89
19,1.2,86,95,89,7.5,6.1,2,78
21,2.8,61,94,79,5.6,3.1,5,81
17,5.2,100,49,83,5.2,5.2,4,75
20,1.4,72,86,66,5.1,2.4,8,82
17,4.5,68,62,85,8.3,7.2,4,76
20,5.2,95,60,98,8.1,1.8,6,98
17,3.3,81,60,49,6.2,1.0,5,77
22,6.4,85,82,86,4.7,4.5,2,95
21,1.7,71,52,67,5.9,5.1,8,64
20,1.5,76,76,61,7.1,5.1,2,68
19,6.1,73,72,56,6.3,1.4,9,95
17,4.5,73,63,67,7.9,3.2,9,83
17,5.8,93,83,60,9.0,4.5,3,94
20,4.0,79,50,47,5.0,2.5,4,68
19,2.7,70,56,74,6.3,7.1,8,74
19,6.7,75,43,66,6.2,1.6,9,83
22,6.6,90,86,53,5.5,4.4,3,85
22,5.9,65,64,73,5.0,5.8,5,73
22,2.9,78,69,91,4.3,2.8,8,91
22,5.1,96,48,81,8.4,5.4,3,81
22,3.5,63,60,67,6.1,6.8,7,68
22,1.6,63,59,57,6.5,2.3,8,67
21,7.4,79,58,76,8.6,7.4,10,96
19,2.0,69,58,90,7.9,4.9,3,72
22,7.7,83,51,96,4.7,3.1,2,78
19,4.1,94,76,91,6.8,4.0,10,97
19,2.3,85,81,92,6.2,3.2,7,86
18,4.8,96,56,67,8.0,6.1,9,90
21,7.1,97,76,89,7.6,6.6,1,87
22,6.1,80,93,61,7.5,6.8,3,85
17,6.6,99,87,99,5.7,7.9,5,97
20,5.6,98,78,84,8.0,6.5,3,86
17,5.8,80,67,65,4.3,5.2,1,66
21,6.9,69,80,46,4.8,3.4,7,92
20,2.7,97,74,81,5.7,4.8,7,89
21,4.4,63,86,50,4.4,1.3,10,91
19,2.5,79,87,88,5.2,6.2,8,87
20,7.9,76,57,62,8.2,4.1,5,91
19,7.6,66,53,74,8.7,1.1,10,100
17,1.3,63,74,66,5.5,1.4,5,70
17,5.9,88,83,98,5.3,3.7,5,96
20,7.5,73,80,77,5.4,5.1,1,87
20,2.3,62,46,74,5.4,4.2,10,72
22,5.0,83,80,61,4.2,5.3,5,78
21,7.4,96,52,87,8.6,4.4,6,96
22,1.2,75,57,76,5.1,5.6,1,57
21,5.9,63,76,86,6.1,2.5,7,95
22,3.1,83,52,95,4.0,1.8,1,70
19,7.5,93,75,58,8.3,5.2,2,85
20,7.8,89,70,54,7.7,4.4,2,88
17,7.6,77,41,91,8.7,1.2,5,92
21,4.3,78,55,95,7.9,3.7,10,91
21,7.0,90,48,80,5.6,1.7,7,94
17,6.9,78,48,78,5.2,4.7,1,70
22,3.2,78,77,53,7.5,3.8,10,84
21,6.8,81,50,86,5.8,5.3,1,71
19,1.3,83,93,72,6.8,6.6,1,69
20,5.2,71,95,55,4.0,3.1,6,89
17,2.6,89,61,58,4.3,7.7,2,55
20,1.8,97,72,83,6.7,4.7,1,71
21,1.5,90,75,99,6.8,5.3,6,79
21,5.9,95,84,91,7.8,5.8,2,94
17,3.4,78,62,98,4.7,5.7,6,83
19,6.1,95,84,63,6.6,4.6,10,100
18,1.5,89,84,98,5.0,4.0,8,92
17,3.2,92,73,59,4.5,1.4,2,77
18,4.8,77,48,72,6.1,1.2,9,80
22,6.5,87,63,68,4.8,3.5,8,91
18,3.2,70,47,52,5.1,3.3,10,72
19,5.4,92,46,87,5.6,3.7,1,76
22,7.2,76,75,53,5.3,2.0,7,85
18,5.3,65,57,91,4.4,6.2,10,85
22,2.6,63,42,77,4.4,7.0,6,58
18,1.2,79,67,77,5.0,7.6,6,70
19,7.1,86,45,63,4.3,4.4,6,83
18,1.1,74,83,47,7.1,5.9,6,68
18,7.1,65,83,54,5.4,7.0,10,89
18,4.7,73,60,84,5.4,3.9,7,83
17,7.6,70,67,91,5.7,3.2,3,93
17,6.6,98,79,86,7.3,7.6,6,96
17,8.0,68,93,45,8.4,4.6,3,87
19,3.5,85,93,73,7.8,4.5,7,92
22,6.4,75,40,94,7.6,2.2,7,90
21,3.8,64,75,78,6.4,1.8,8,90
18,4.4,69,60,95,7.5,6.9,2,70
18,5.4,62,82,57,6.8,5.3,9,87
19,7.1,72,74,98,5.1,3.3,5,91
18,7.9,89,52,45,5.0,2.3,9,94
17,6.4,65,88,78,5.5,4.9,10,97
21,3.9,76,93,73,8.6,5.1,5,88
20,3.9,78,93,92,6.7,2.4,7,97
18,6.2,94,49,91,7.7,7.0,9,87
17,2.7,85,92,57,5.7,1.6,4,80
20,1.8,64,83,92,6.0,3.5,2,77
21,3.5,88,86,93,4.6,5.8,9,89
20,3.0,96,92,97,4.9,2.9,2,84
17,3.1,79,49,73,8.1,6.8,3,61
22,2.6,80,85,83,6.9,6.2,10,91
22,1.3,69,52,68,5.7,6.5,2,58
20,1.1,64,76,70,8.0,1.8,3,72
19,7.9,95,77,61,5.2,2.0,6,99
20,4.0,65,63,51,8.9,3.0,3,70
18,3.7,85,41,57,5.7,4.6,10,75
18,5.8,63,61,49,5.7,6.2,8,80
22,2.5,98,56,70,5.6,6.9,6,71
19,7.6,98,75,93,4.6,5.9,7,100
17,6.5,94,53,47,4.6,7.5,1,68
18,1.6,60,49,51,7.2,6.2,3,51
22,3.9,83,74,93,8.4,3.1,3,86
21,7.2,95,64,83,8.0,2.9,2,96
22,7.6,65,42,97,4.7,5.9,7,83
18,4.3,100,86,45,6.7,2.4,9,100
18,5.3,90,77,93,4.5,1.6,4,98
22,2.2,79,56,61,4.2,4.7,5,63
17,7.9,83,51,87,7.3,6.8,3,83
20,2.6,84,93,69,6.7,1.7,9,99
18,7.6,95,91,47,4.4,6.5,4,90
22,5.5,80,63,59,4.2,6.7,5,75
22,5.3,89,68,73,8.9,4.4,1,77
19,4.6,83,82,97,4.2,1.4,2,84
20,2.6,89,64,87,6.2,2.2,9,88
21,2.2,81,75,76,6.5,6.0,2,73
17,2.5,87,65,70,4.6,6.0,5,66
21,2.3,66,77,60,4.8,7.3,8,76
20,6.5,94,40,69,5.8,5.1,3,75
20,3.5,87,59,98,7.8,1.9,6,92
20,1.4,73,94,72,6.5,1.8,4,78
21,7.8,69,67,53,7.2,6.0,7,87
20,7.2,75,55,100,8.9,2.3,10,100
22,7.5,75,86,100,7.8,3.3,3,100
21,8.0,90,56,45,6.2,4.4,6,86
20,2.2,84,79,73,6.2,1.2,10,92
22,3.8,72,67,66,7.1,2.7,9,87
19,6.3,65,51,60,7.3,3.9,10,90
20,5.9,68,66,85,6.5,3.0,1,75
21,2.1,95,93,95,7.2,2.0,3,95
18,6.7,79,92,88,4.1,6.1,2,90
20,2.6,77,81,95,6.1,6.7,8,83
18,2.6,80,86,98,5.4,2.8,7,93
22,4.8,63,69,85,4.6,6.4,2,72
19,5.2,92,80,51,4.5,3.7,6,82
17,5.1,86,73,58,7.0,4.5,3,80
19,1.6,66,76,73,6.6,7.0,8,74
20,7.1,65,45,63,5.3,6.2,10,79
18,2.9,74,46,63,6.4,6.6,3,58
18,1.9,77,71,46,6.5,2.0,10,80
21,7.2,91,71,85,5.0,1.5,9,100
18,7.7,70,92,89,7.3,7.3,1,87
21,7.0,79,64,59,7.9,3.7,5,90
22,6.7,83,72,47,8.0,3.0,3,80
17,5.6,74,94,55,7.0,6.1,6,88
20,4.9,66,46,97,6.6,6.9,10,83
21,1.6,80,91,90,4.3,7.0,2,70
17,3.9,85,51,74,5.4,3.2,9,81
18,3.6,73,55,84,4.5,7.0,6,68
18,2.8,96,55,62,8.8,1.3,7,87
17,6.1,80,82,95,4.7,1.3,5,100
18,4.5,77,92,92,4.8,5.4,9,96
22,1.6,64,75,46,8.4,1.4,1,62
22,2.5,62,52,76,8.7,3.3,5,77
17,5.8,82,46,52,7.8,5.7,10,81
21,1.5,85,75,66,4.0,3.4,6,69
21,7.0,96,86,50,4.0,2.3,7,91
17,4.5,83,90,56,5.9,3.0,4,85
21,4.4,78,48,91,4.7,4.2,1,66
21,5.1,84,71,84,4.1,4.3,8,93
22,6.8,80,50,80,6.3,6.5,10,91
21,3.4,71,47,59,8.7,6.3,4,65
19,5.7,100,72,72,5.6,4.2,3,84
20,5.0,92,62,96,7.3,6.9,7,92
18,2.9,63,64,93,7.3,1.8,2,80
19,7.2,66,95,89,5.3,2.8,8,100
21,6.6,81,47,62,7.3,6.8,6,76
22,5.6,92,84,46,5.1,3.6,7,92
17,7.0,76,61,57,4.6,7.9,5,73
21,7.1,83,43,89,7.5,4.3,9,90
22,6.0,93,79,98,4.6,6.5,5,88
20,6.9,87,42,59,9.0,3.8,5,81
21,5.9,100,68,64,4.9,4.0,3,82
17,5.8,98,80,73,7.0,3.7,1,93
22,5.3,81,68,86,6.1,6.0,2,75
22,6.3,76,73,73,4.6,4.8,8,94
22,2.1,93,73,47,4.1,7.6,1,56
20,7.2,65,67,63,7.1,2.8,7,85
21,7.1,65,52,47,8.0,1.7,5,80
20,1.2,93,54,98,8.2,3.8,3,77
18,6.8,60,62,58,6.4,5.3,7,82
18,1.9,69,83,84,7.9,7.0,9,86
21,3.3,80,65,99,7.4,3.4,2,82
20,6.2,64,43,48,7.6,5.6,8,72
17,2.1,61,65,96,6.5,3.5,9,80
22,6.7,81,79,55,7.2,5.3,3,77
22,6.8,61,48,75,8.0,7.2,2,72
21,4.6,69,94,87,6.0,2.6,7,99
18,1.0,93,44,76,8.0,3.8,5,71
18,3.0,75,95,71,7.0,8.0,5,76
22,5.3,98,71,74,4.8,7.1,10,87
21,7.9,81,59,87,4.1,5.0,5,83
20,5.4,71,89,46,5.8,4.6,4,78
18,2.8,83,50,93,6.7,3.0,5,81
20,5.4,99,54,53,8.2,4.6,4,82
18,4.8,97,71,72,4.6,6.9,6,80
18,6.5,69,67,75,8.0,5.8,4,84
19,1.7,94,61,78,8.3,3.0,2,71
18,6.3,91,80,100,4.8,2.4,9,100
17,4.8,66,56,59,8.3,2.9,2,68
21,7.7,80,65,92,9.0,2.2,9,100
21,3.4,79,83,69,7.6,1.7,10,95
20,5.4,85,46,80,7.9,3.9,6,86
18,7.5,63,81,52,9.0,1.8,9,100
17,1.7,81,65,53,7.0,2.2,9,77
20,7.6,74,64,81,5.5,4.8,3,88
19,5.8,99,49,92,8.2,2.2,1,84
20,1.5,80,84,89,7.1,1.4,1,77
20,3.1,74,58,83,6.9,3.2,3,75
18,6.0,81,50,76,5.3,2.5,5,77
19,1.5,87,52,96,7.8,4.6,3,73
20,5.1,73,92,61,4.4,1.7,9,96
17,3.4,86,47,79,8.6,6.3,9,83
17,5.3,100,79,81,5.6,7.3,3,79
21,1.3,99,43,63,4.6,6.2,3,54
19,7.1,87,86,88,6.2,4.7,5,99
19,7.8,85,70,73,4.2,7.0,2,82
21,7.8,61,67,51,7.4,5.9,6,86
20,6.2,84,50,72,8.5,1.1,7,91
19,1.9,62,82,53,8.2,3.8,9,83
17,6.3,67,40,72,4.6,7.0,6,73
17,1.2,92,88,50,4.6,3.4,3,70
18,1.2,94,86,73,8.1,1.2,5,87
19,3.3,65,91,61,8.6,6.2,4,73
20,4.4,98,77,60,6.3,6.6,5,80
21,6.4,82,63,67,6.5,2.1,8,88
21,5.8,84,93,75,5.6,4.8,8,99
20,4.1,78,86,47,8.5,2.3,6,92
22,2.9,64,70,65,7.2,6.0,1,56
18,8.0,70,80,70,5.4,2.9,8,100
21,4.0,71,85,80,5.5,3.2,8,90
19,4.2,69,89,86,8.5,6.9,2,81
18,2.1,67,65,81,4.1,4.3,4,65
19,6.6,83,88,97,5.6,5.7,2,85
17,5.9,87,89,66,6.8,3.8,4,90
18,2.5,100,44,86,4.7,3.1,10,89
21,1.6,95,59,56,4.5,5.4,7,65
18,5.8,96,91,86,8.1,2.1,9,100
18,5.6,80,80,57,8.5,3.6,8,96
18,2.9,67,50,55,8.1,2.5,9,77
22,7.7,68,95,98,8.5,5.9,8,100
18,2.1,74,93,60,6.8,7.6,2,68
19,4.0,99,72,52,8.1,8.0,7,83
17,7.6,77,89,84,5.9,4.2,2,91
20,3.9,79,77,84,7.3,2.8,2,83
18,5.5,65,66,89,8.9,4.1,4,89
21,3.8,71,73,46,5.1,6.9,1,57
18,2.9,61,54,74,5.9,2.4,5,63
21,7.9,66,71,74,6.4,7.7,6,89
19,3.9,75,60,56,4.7,3.4,9,86
21,7.3,62,85,54,4.4,7.9,10,90
20,2.6,62,44,88,8.1,6.9,8,72
17,2.5,86,45,55,8.9,6.7,2,58
21,1.2,99,77,59,6.0,3.2,1,73
21,5.6,97,61,60,4.4,1.1,2,78
17,3.6,92,57,61,4.3,3.7,7,76
20,7.1,87,53,70,8.5,3.1,4,90
18,4.3,60,49,46,6.3,1.3,10,77
21,7.8,67,85,94,5.6,4.5,5,93
17,2.3,96,52,56,6.4,3.8,7,76
19,7.1,91,70,95,5.6,5.4,3,88
17,6.4,96,69,70,6.4,5.3,10,95
19,6.4,63,42,67,8.3,1.8,2,80
20,6.9,89,69,62,7.0,7.8,7,87
18,6.3,65,45,76,7.5,2.3,5,82
17,5.4,78,68,93,5.8,4.1,1,79
22,1.9,91,47,82,7.7,4.4,1,61
21,1.2,68,83,91,7.3,6.7,9,85
20,7.4,71,84,47,4.6,1.7,5,90
17,5.3,70,82,82,6.9,4.0,1,79
21,6.6,75,83,47,5.3,5.4,7,88
17,4.4,60,72,74,8.0,2.5,9,90
19,1.8,80,56,45,6.1,5.4,1,50
17,1.9,89,87,74,9.0,7.5,10,87
22,5.8,72,50,89,4.5,8.0,4,71
17,4.0,93,52,76,7.9,1.2,3,79
17,2.4,63,89,72,7.4,2.6,5,87
22,4.4,87,50,65,7.8,3.2,7,82
20,1.4,97,70,90,5.5,3.8,8,82
17,5.1,90,67,57,6.5,2.7,2,78
22,2.9,86,83,71,8.0,2.4,7,88
21,6.6,64,45,80,5.2,7.7,1,62
19,3.2,84,80,51,5.1,7.4,7,76
19,4.2,62,55,66,6.8,1.3,8,82
17,1.1,92,43,54,6.6,3.4,2,60
20,1.5,63,74,83,5.4,3.8,9,88
20,3.7,84,87,97,5.5,2.7,1,86
21,4.4,79,95,59,5.4,5.4,6,90
17,5.2,93,65,59,7.9,5.5,1,82
19,3.0,85,51,48,7.3,7.0,3,57
20,5.9,64,50,76,8.2,6.2,6,79
17,7.0,94,76,67,8.9,4.8,3,91
20,6.5,87,64,99,6.4,5.6,8,99
22,1.3,88,57,50,4.3,2.9,5,64
20,4.4,68,58,68,4.2,5.2,2,61
19,1.7,97,62,64,5.5,4.4,4,69
18,2.7,65,94,81,8.7,1.9,9,100
21,7.9,78,77,64,6.6,2.7,4,89
21,2.0,70,93,56,5.4,3.0,10,85
19,4.5,61,57,77,6.0,7.5,10,76
20,5.3,68,65,72,7.0,2.6,8,90
17,5.9,80,45,52,7.3,3.0,5,80
20,4.9,83,43,45,4.8,3.6,10,71
19,1.1,93,83,81,8.9,5.6,1,74
21,3.3,81,90,66,6.7,1.8,7,89
20,4.6,62,68,50,4.7,7.7,3,65
21,1.6,71,73,65,8.5,7.1,10,79
17,3.5,87,56,76,4.4,5.0,8,78
21,1.2,89,82,79,8.5,5.7,3,76
21,1.6,85,82,59,9.0,1.1,1,80
18,3.8,80,92,49,7.5,3.4,5,92
18,1.9,87,55,100,7.9,6.6,2,65
22,5.0,85,41,90,5.7,1.5,4,76
18,5.8,92,73,94,8.7,3.0,1,92
21,6.6,80,94,92,6.6,5.1,9,100
19,2.4,94,47,50,7.7,2.8,6,75
21,2.2,93,52,69,8.6,7.5,8,78
19,1.7,100,81,100,8.9,1.9,4,90
19,5.5,77,47,90,8.2,6.6,9,84
18,5.9,70,69,100,5.5,4.6,2,80
20,1.2,82,71,84,8.8,6.3,9,84
17,7.6,81,75,73,7.1,3.2,5,97
18,1.4,76,86,51,8.7,4.6,6,71
18,4.8,64,69,84,7.4,7.0,3,72
20,6.0,70,40,57,5.5,4.3,4,66
17,7.1,89,82,82,5.9,3.5,6,97
21,6.0,74,78,62,6.8,4.8,7,81
22,6.6,86,56,46,8.0,6.0,1,65
22,3.4,94,59,52,5.6,4.1,7,72
21,6.7,92,63,55,6.9,7.6,1,72
18,1.6,79,89,77,5.7,3.1,5,80
17,7.3,75,61,98,8.1,4.3,6,94
18,4.8,93,68,82,6.3,6.3,2,80
19,6.7,61,61,92,4.4,5.8,10,92
18,4.2,94,83,71,4.8,7.0,9,90
18,5.5,99,48,64,4.3,8.0,10,81
21,4.7,87,76,56,6.5,4.0,6,82
21,6.1,98,49,87,4.5,1.8,7,88
21,1.6,65,75,75,4.6,1.2,10,79
22,1.4,68,76,71,8.7,6.1,8,78
19,2.7,79,67,76,8.4,7.1,10,87
21,2.1,60,67,54,6.3,2.5,1,64
17,7.1,67,81,47,8.9,2.1,8,98
22,2.5,82,82,89,4.0,1.4,4,84
20,7.8,62,60,71,7.1,6.8,10,83
17,3.4,63,63,79,7.1,3.2,8,81
17,2.3,84,81,75,6.3,3.8,6,81
21,6.5,97,79,59,6.0,4.5,9,100
20,5.6,74,41,60,6.3,6.9,4,66
20,4.5,80,94,57,6.1,5.6,2,80
22,4.9,94,47,93,7.7,5.3,2,77
20,6.0,73,87,79,4.7,2.2,5,93
19,2.6,95,66,96,5.0,4.6,10,94
21,8.0,71,61,55,4.9,6.0,9,80
20,7.8,76,76,65,5.3,7.8,3,81
22,5.6,98,66,95,6.6,2.4,8,100
19,2.4,68,68,98,4.6,1.1,4,72
18,5.8,94,42,55,8.3,1.5,6,87
18,1.5,72,83,74,5.5,3.6,10,83
19,1.2,74,52,92,4.8,6.7,6,64
22,2.8,77,84,97,7.4,1.0,3,86
19,4.2,92,49,79,4.2,4.2,5,77
21,7.1,65,75,66,7.1,3.3,3,85
21,6.1,86,48,82,7.5,1.4,1,82
18,6.2,82,93,75,5.1,4.2,7,99
20,4.0,86,95,58,4.2,2.8,4,82
22,3.4,93,94,68,5.8,3.5,7,94
18,3.6,97,66,94,4.5,5.9,3,74
20,7.9,73,73,93,4.6,4.7,5,92
20,1.3,95,90,76,5.3,1.9,5,84
21,7.1,67,40,80,5.5,7.7,2,68
17,5.1,94,71,76,6.6,5.5,10,97
17,4.1,78,64,99,7.4,6.4,2,76
19,6.1,89,68,59,7.0,1.6,4,86
21,4.4,73,46,87,4.7,1.3,4,71
20,7.1,79,88,79,4.9,1.1,4,98
22,7.3,84,42,47,8.4,2.3,6,82
17,4.0,99,59,60,6.8,3.9,2,67
20,2.9,83,59,49,8.3,7.6,6,65
17,5.1,73,92,65,5.9,4.2,7,97
17,7.4,85,69,54,7.1,3.0,10,98
17,2.5,97,74,63,6.6,4.9,3,77
22,5.4,82,74,69,5.6,1.8,8,93
21,5.4,81,88,48,6.3,5.3,2,82
22,6.1,78,78,73,6.5,5.0,8,98
18,1.9,62,66,63,5.0,6.5,5,59
20,6.0,78,65,87,5.6,7.9,2,68
21,7.4,68,53,46,8.0,2.8,7,80
21,2.3,87,56,54,8.6,4.6,2,62
21,2.7,79,57,87,5.8,7.4,6,77
21,7.8,66,84,69,5.5,6.5,10,97
22,2.3,73,91,64,5.0,4.4,3,73
21,7.0,68,68,92,7.4,7.6,9,98
19,4.4,78,59,63,5.6,1.4,3,75
20,2.7,73,92,67,8.9,7.5,3,77
21,7.1,97,66,68,5.6,1.4,5,96
20,4.1,95,57,55,6.0,4.8,7,79
19,4.6,99,43,90,7.0,7.2,8,82
19,3.5,76,40,78,8.0,2.8,7,75
20,5.2,89,89,99,6.3,4.3,9,100
17,2.1,68,40,72,6.1,3.3,5,66
18,3.7,92,65,49,9.0,7.7,10,89
17,7.8,84,84,49,4.1,6.8,3,82
17,2.8,73,59,95,8.5,6.0,6,81
22,5.6,70,91,65,4.7,5.1,5,86
17,3.3,94,62,56,7.9,6.7,4,71
21,6.4,100,49,94,7.1,3.7,2,86
22,1.9,73,50,48,5.7,4.1,7,67
22,7.8,89,80,98,8.4,6.1,5,100
19,4.2,100,80,93,4.1,3.5,4,84
17,2.7,63,44,86,5.1,1.4,8,73
19,1.5,63,40,64,6.8,1.5,9,70
20,2.2,87,56,82,5.8,1.8,9,87
18,4.6,67,61,69,7.1,7.1,3,65
22,3.4,61,73,58,4.1,4.3,3,58
20,6.8,100,95,55,4.6,6.0,5,91
20,4.0,81,84,76,4.6,3.8,5,83
21,2.7,100,80,55,4.9,2.8,10,87
18,5.3,75,68,62,6.3,3.4,2,73
20,5.9,88,43,71,7.8,6.6,1,71
20,2.2,89,44,99,8.5,5.4,8,80
18,2.2,71,50,98,8.2,7.6,3,66
18,1.3,94,95,62,5.0,5.8,1,68
20,6.2,70,90,100,6.2,5.0,1,86
18,5.6,80,60,67,5.0,5.3,2,70
20,4.3,80,74,55,5.3,7.6,6,76
20,6.9,64,51,65,6.5,6.5,6,72
21,6.6,79,65,88,4.3,1.2,3,92
17,5.1,96,90,49,5.1,4.7,4,86
20,7.1,62,58,67,8.7,5.8,2,74
19,2.4,92,84,85,6.3,6.2,2,79
22,1.8,68,46,69,6.2,2.5,7,72
17,2.9,68,86,85,4.1,7.1,1,66
17,1.4,63,94,98,5.2,7.7,7,79
17,4.7,94,46,54,8.3,2.7,1,75
21,7.6,76,65,66,4.8,7.2,6,89
20,1.3,93,79,63,6.1,1.7,3,75
21,1.9,83,44,45,4.1,1.4,8,63
20,4.2,91,60,51,6.4,1.9,6,79
21,7.5,60,53,48,4.1,1.4,2,74
21,3.2,67,43,45,8.1,6.9,8,62
22,4.6,82,62,59,8.1,1.4,5,83
19,1.3,99,81,84,7.9,2.9,8,93
21,2.0,71,59,56,5.4,1.7,8,71
22,7.9,71,54,66,8.2,3.1,6,93
18,7.8,74,89,66,6.7,1.6,2,96
19,1.0,100,91,94,5.9,5.7,8,96
21,7.7,78,84,91,7.1,1.9,6,100
17,5.5,85,68,61,4.1,7.0,6,74
18,7.1,88,47,73,4.7,6.7,8,85
18,4.2,81,80,90,7.7,1.1,1,90
22,4.6,99,87,58,5.2,7.3,2,80
18,4.4,80,58,94,7.0,1.2,9,93
19,5.7,97,87,64,5.9,2.7,8,98
21,2.0,79,78,94,8.3,1.2,7,89
21,1.2,88,85,92,8.8,3.4,7,96
17,3.2,63,67,77,8.4,4.6,5,79
22,5.9,66,85,99,5.4,6.6,2,80
17,2.4,87,66,87,5.0,3.4,6,80
18,5.7,87,43,59,6.4,5.9,10,82
17,7.8,63,54,56,4.0,2.3,3,72
19,1.7,81,74,84,4.1,6.3,4,69
21,5.7,71,76,98,6.8,2.7,10,100
18,4.1,62,40,64,6.6,2.0,2,68
17,7.1,81,42,74,9.0,2.3,2,79
22,2.2,61,86,82,5.0,2.3,8,80
19,5.8,83,63,47,5.3,4.6,8,79
19,6.9,93,66,72,4.6,6.9,10,91
17,7.6,86,79,100,8.6,1.6,6,100
21,5.8,100,75,70,7.9,5.9,5,88
17,4.5,60,73,74,8.1,5.6,8,88
18,5.3,67,68,57,8.5,7.1,4,71
17,7.1,82,63,57,6.6,2.7,4,85
19,5.0,97,63,46,6.3,4.2,5,85
17,1.2,65,81,81,5.7,7.5,1,62
21,7.5,81,43,93,6.9,5.6,1,78
22,5.8,84,42,82,6.3,3.7,2,79
20,5.7,77,73,46,6.3,1.9,8,94
17,2.5,76,88,80,8.7,2.8,7,94
21,5.6,71,62,98,8.9,5.1,10,97
21,3.8,65,92,70,8.0,6.0,9,92
22,5.6,85,95,55,7.8,1.9,5,97
19,1.7,86,91,52,7.4,5.2,2,71
21,5.6,67,62,88,4.8,4.9,7,84
21,8.0,78,84,84,4.3,4.6,8,100
21,1.3,60,44,87,7.5,5.8,7,62
21,7.8,88,70,66,7.6,6.9,7,99
18,3.8,94,92,64,4.2,3.3,5,88
18,7.1,99,80,52,8.6,7.2,2,85
19,6.5,73,93,73,4.5,2.1,6,98
17,5.0,94,45,84,5.4,2.2,4,82
21,6.2,79,76,70,7.4,2.9,10,97
22,7.1,72,49,74,4.8,1.8,2,76
17,3.8,97,79,61,4.3,2.6,9,88
22,3.3,67,46,64,5.7,1.7,7,80
17,5.7,79,78,96,7.8,6.8,6,93
19,6.7,92,77,99,6.1,2.0,5,98
21,6.3,85,60,60,7.3,6.2,3,87
21,6.6,98,59,90,6.9,1.3,10,100
20,4.0,80,42,87,4.1,7.6,10,74
22,6.7,100,90,51,8.9,6.0,4,94
17,1.8,68,61,60,4.2,1.0,3,61
17,4.8,83,86,89,8.8,6.3,8,99
18,1.0,96,43,91,6.7,4.6,3,58
20,3.3,100,67,100,8.8,6.5,7,94
18,3.6,76,51,92,4.6,4.7,7,73
18,3.8,83,77,71,6.5,5.5,7,83
18,5.9,80,90,97,4.8,6.5,7,98
22,3.7,98,75,67,4.3,3.8,2,74
22,4.1,100,86,68,7.1,1.0,10,100
19,2.7,98,80,53,5.0,6.9,3,66
19,3.6,72,44,79,6.9,3.7,10,87
18,2.6,70,52,95,4.6,4.5,9,79
20,1.5,78,62,64,5.7,1.1,3,64
17,5.2,70,89,81,7.9,4.4,2,87
22,5.7,72,69,86,6.2,7.9,9,85
20,5.3,60,76,61,7.1,2.9,10,98
21,4.2,99,64,91,7.2,3.8,9,97
22,3.7,78,87,75,8.2,5.8,4,81
22,7.0,71,66,99,5.6,6.7,9,97
19,4.6,67,90,52,7.4,3.9,3,80
17,4.4,67,53,59,8.8,3.2,7,75
17,1.2,71,87,75,7.7,7.6,7,79
21,3.4,92,86,97,6.4,5.7,8,96
21,3.7,85,93,74,7.2,1.8,10,100
22,3.8,98,75,90,7.7,1.5,4,93
18,5.1,87,78,64,7.1,4.4,3,83
19,4.7,64,55,83,4.1,2.5,3,72
19,5.3,67,95,97,5.0,2.8,5,100
22,6.4,84,61,99,8.1,7.1,1,80
20,6.7,86,60,56,5.4,1.6,10,97
18,6.0,82,93,93,7.7,6.0,3,96
22,7.7,89,60,61,5.9,2.9,6,92
18,1.1,82,47,86,6.6,6.3,3,59
18,2.4,79,88,74,4.3,6.1,5,76
18,1.1,77,55,73,4.9,1.1,9,76
22,5.5,77,94,63,8.8,4.6,2,94
19,7.3,61,70,90,8.5,2.0,2,89
19,2.7,63,81,55,7.3,7.1,6,70
18,7.5,89,49,78,6.3,7.1,6,84
20,1.4,92,71,94,7.4,3.9,8,87
17,7.5,95,73,51,7.1,4.1,2,86
22,3.5,77,48,88,6.8,3.1,9,82
17,1.7,96,56,78,4.3,6.0,2,61
20,4.4,78,50,64,7.2,3.5,1,67
22,2.8,87,71,94,7.8,2.9,10,100
18,3.0,99,49,82,9.0,4.0,2,74
19,3.2,79,61,68,4.1,1.6,7,78
17,6.6,92,56,54,7.7,6.2,8,88
21,4.8,71,43,76,6.9,1.1,5,80
21,3.2,74,87,96,6.2,5.5,6,84
20,5.3,100,91,59,4.6,2.3,1,81
18,6.0,98,86,81,6.0,2.6,6,100
17,2.9,61,64,64,5.8,5.4,8,75
18,3.9,88,60,47,5.5,8.0,3,61
17,1.9,100,76,81,7.7,6.4,1,73
20,2.3,69,77,84,7.5,2.6,4,79
20,5.8,61,88,52,6.9,2.2,1,80
21,2.3,70,40,84,8.7,7.1,8,67
18,4.7,72,64,88,5.7,4.1,5,83
22,6.0,69,90,100,5.2,2.0,1,91
21,1.7,73,75,67,7.3,7.0,8,76
18,5.0,77,56,84,5.0,6.7,9,80
21,2.8,68,80,55,5.6,7.9,10,79
22,7.7,98,63,90,5.1,7.4,2,81
19,4.4,87,41,52,4.3,7.0,9,67
19,6.6,62,79,73,8.1,1.4,8,100
19,4.9,79,54,74,5.3,1.7,7,91
19,1.3,65,71,100,6.4,5.0,3,70
17,5.4,86,78,54,4.2,4.7,2,67
19,7.7,61,45,83,7.5,4.2,7,85
22,5.2,88,40,72,5.7,3.8,5,77
20,6.7,97,86,93,7.7,4.0,6,100
20,7.2,62,62,80,6.1,5.0,4,84
17,2.6,75,78,57,5.0,1.0,2,72
19,2.5,89,56,76,6.6,2.8,9,87
19,5.3,99,73,80,4.7,4.6,3,82
19,3.9,61,80,81,6.2,6.1,7,80
21,6.9,76,68,70,5.6,2.2,8,96
18,7.3,100,48,66,8.6,4.8,2,82
21,3.5,71,52,48,4.3,6.0,6,62
18,2.7,94,45,75,7.5,4.1,8,83
19,6.5,60,45,62,4.9,1.2,7,81
19,2.9,74,59,82,5.6,4.1,3,63
21,6.8,85,91,68,6.1,3.1,1,92
21,4.0,96,92,100,8.5,7.5,6,99
18,5.7,80,42,67,5.2,1.9,8,86
20,1.7,90,56,66,4.5,5.6,6,63
18,5.4,84,88,46,5.6,1.4,5,90
21,4.2,82,51,75,4.5,4.1,8,79
22,5.1,83,87,99,4.6,4.9,2,83
21,2.2,97,86,55,6.9,3.1,1,78
22,6.2,87,84,72,4.3,4.2,1,81
17,7.0,80,94,90,4.2,2.1,4,100
21,2.5,77,40,76,7.6,3.1,6,69
17,1.7,95,56,49,5.8,5.3,9,68
20,1.2,94,42,82,4.6,3.1,1,57
18,5.5,68,65,54,5.3,7.3,1,63
22,5.2,97,54,84,7.2,5.4,5,82
18,4.8,89,75,90,5.4,4.1,10,89
17,2.6,93,71,68,6.5,1.3,5,84
22,3.7,91,71,79,4.6,4.5,5,81
18,5.2,62,43,88,6.9,6.4,10,83
21,4.5,62,57,92,5.6,2.9,6,79
19,7.9,87,88,67,7.1,6.6,8,100
17,2.0,74,58,61,8.0,2.8,3,71
18,5.9,100,82,45,7.1,6.8,9,89
17,3.8,82,91,99,5.5,1.6,1,87
17,4.0,99,74,75,5.3,7.1,4,78
22,6.0,70,79,75,5.6,4.5,9,96
22,5.8,91,53,86,4.8,3.1,8,90
19,7.9,95,72,99,4.9,2.9,10,100
21,1.9,92,53,86,8.0,4.0,9,87
17,1.7,83,73,97,5.9,8.0,1,66
18,6.1,98,94,100,6.2,2.5,9,100
20,5.0,93,43,78,7.0,1.7,3,79
17,2.9,87,63,53,6.9,5.1,10,83
17,1.6,96,68,66,4.3,4.4,9,85
19,1.6,66,58,57,8.2,4.7,1,58
21,7.3,63,45,69,4.9,5.7,1,60
20,2.3,96,72,92,7.6,2.9,9,90
22,3.3,60,88,62,7.9,7.4,6,82
22,2.6,60,79,95,7.6,4.0,4,77
18,3.5,79,58,56,6.9,1.9,7,75
20,1.5,78,92,84,4.1,6.2,5,79
22,4.6,88,40,61,5.8,5.5,10,77
18,1.5,69,44,59,7.0,3.2,7,68
21,6.6,77,66,86,5.9,5.4,8,90
18,2.6,87,55,59,8.3,2.5,8,85
22,4.8,94,45,59,5.5,4.1,1,67
19,7.2,90,79,99,5.5,7.3,8,98
19,5.6,86,52,83,5.3,1.9,6,81
19,4.7,70,87,57,5.7,3.7,4,88
22,3.3,97,74,61,6.8,6.7,8,83
19,3.3,64,58,76,7.5,7.8,3,61
20,5.7,67,51,53,7.3,4.2,4,76
21,8.0,93,55,84,8.0,4.5,6,99
18,5.6,71,82,64,8.4,5.0,7,95
18,4.9,97,49,70,8.1,7.5,4,74
22,6.1,60,64,71,4.1,7.0,4,76
19,4.3,90,59,65,7.7,2.2,7,83
19,1.4,63,70,62,5.0,4.1,6,65
17,4.9,64,43,57,4.7,4.2,8,72
21,7.7,89,83,60,7.2,6.5,1,89
20,2.2,83,62,53,5.6,5.2,10,78
18,5.8,62,41,56,4.3,5.6,7,67
17,2.4,70,95,88,4.7,8.0,7,80
17,4.8,63,61,82,4.0,1.5,7,86
22,1.7,85,90,63,8.5,2.6,7,91
18,4.2,86,76,51,4.1,3.9,10,84
22,6.3,86,47,79,5.0,3.4,10,88
20,3.4,65,46,92,6.1,1.2,8,79
17,5.7,74,53,62,5.8,1.6,9,85
17,6.6,89,95,60,8.6,5.8,9,100
21,7.5,96,94,99,4.2,7.2,2,95
20,2.6,96,42,83,6.6,4.6,7,77
17,3.8,96,89,48,7.4,4.8,7,90
20,2.1,94,55,69,8.7,2.8,4,76
18,7.9,82,94,76,7.1,6.4,9,100
19,7.5,65,58,84,8.0,6.3,8,94
17,4.8,63,90,57,4.4,5.1,1,69
21,6.9,77,57,89,5.9,2.5,2,83
18,4.6,68,91,61,5.9,1.7,2,80
20,5.4,88,55,93,8.4,1.4,8,99
22,1.6,72,47,81,4.8,5.1,1,55
18,6.3,76,72,50,4.8,6.8,4,71
17,1.9,91,88,63,5.6,7.0,10,86
20,6.8,81,51,57,4.3,4.2,5,75
19,6.5,63,92,70,4.9,6.5,9,98
18,6.0,64,50,58,8.8,7.6,7,72
17,1.3,96,44,75,6.1,2.9,8,71
21,3.1,100,66,98,7.2,3.8,9,94
22,2.8,72,51,48,7.6,7.5,7,62
20,3.5,93,56,83,5.8,3.4,5,78
18,1.6,81,45,52,4.7,7.4,5,52
18,7.6,82,72,69,5.0,7.9,10,94
19,4.9,62,44,57,5.6,5.6,6,69
19,3.1,93,67,76,7.2,6.7,5,78
21,3.8,91,53,82,6.0,6.2,9,83
22,4.1,80,44,82,4.0,5.9,3,60
21,5.2,80,93,100,6.6,3.1,3,95
17,4.6,70,95,72,8.6,1.4,7,99
17,7.4,98,72,97,8.1,3.4,7,100
21,4.5,63,89,74,8.1,5.7,6,85
